Email,FirstName,LastName,Preferred name (if any),Role (student/teacher),id
kerstin65@aol.de,Carolin,Koch,,student,79bb4c9d-8915-43da-bfd4-e4c1e67d2781
elfriede.bartels@wittmann.com,Janis,Voigt,,student,a5986d46-09eb-4a3d-9b7f-771d25f46be6
hbacker@dijkstra.nl,Demi,Jansen,,student,84e6c7c9-e5af-47f4-bab5-8bc041f61b5f
jvandermeer@gmail.com,Joy van den,Bosch,,student,42dc5011-1cec-4889-a68d-da55026bfc66
vanderspaendonck.jayson@live.nl,Victor,Peters,,student,0f99d6fd-4c79-4eae-a6ab-becbaf68eda4
mfonseca@machado.pt,David,Pinheiro,,student,57014250-cdd8-44b9-a650-e45378bd15d0
raul01@castro.eu,Tatiana,Castro,,student,b39916fd-ba62-43ba-99a9-2e360f4f28e7
amaral.yasmin@henriques.com,Claudio,Anjos,,student,57ac2028-3eac-4f9a-9242-70106b3c1e86
tsiaw@gmail.com,Jane,Sundram,,student,f6b12e9b-dd63-4fbe-872e-3d132b8d25a2
hafizh.billy@haris.com,John,Krishnasamy,,student,c33c1cc2-6003-47f7-a6ed-a930748764d8
jonathan.dolkefli@puthucheary.org,Ewe,Cheong Xi,,student,a17e3b53-20b8-44ff-9b3f-5269f26c4f41
maleku.hemant@yahoo.com,Nikesh,Moktan,,student,0a682ede-a3af-43c7-a3f7-2041cedfebfe
sangita.lawoti@chamling.com.np,Neeharika,Nakarmi,,student,90c7e1e2-95fb-4dd1-9d41-b5383188dade
anjela.lohani@golchha.com.np,Nikesh,Pun,,student,fca3cc18-3e9e-4a38-9fbd-349192e62ae3
sma.csedu@gmail.com,S M,Abdullah1234567890,Abdullah,student,c4e32176-711a-450f-876b-d625406c07c2
person1@gmail.com,Person1,Great1,,student,7ecddf5c-de27-4f84-9c9d-53b97b2eef51
person2@gmail.com,Person2,Great2,,student,a6745196-6ec5-4dd8-aaeb-f0191cf61ba4
person3@gmail.com,Person3,Great3,PG,Teacher,e4b84bd2-817f-4965-9d05-e5195721d134
EvieMcIlwraith@armyspy.com,Evie,McIlwraith,,student,5304e706-950a-4881-8141-f6c56c82ebd7
BrookeDadson@armyspy.com,Brooke,Dadson,,student,28ecf255-05f8-4504-81df-dfc1df4a6a04
ZaharGolovanov@teleworm.us,Zahar,Golovanov,,student,ed729bb3-2570-4aeb-aab8-198d12113b31
windler.vanessa@morar.org,Olive,Wright,,student,08bcb7b0-9626-4479-b938-e63a607b8ddb
dickens.elisabeth@gmail.com,Jordan,Cooper,,student,1b5cce5b-65bb-4fc0-8533-3a44d6bb1bc5
josianne92@bednar.com,Carter,Cook,,student,d5e2490d-9698-4440-9db5-834c661d9db1
isabel.razo@yahoo.com,Lorena,Lglesias,,student,ac0ff9ef-e736-4d73-9ad7-2e1c3d7ff9c8
ismael.romo@cuenca.com,Maria Rosa,Herrera,,student,f94b94b8-f9d0-4628-ae68-1c2a37860a91
ismael.romo@cuenca.com,Beatriz,Fuentes,,student,3b71ae1a-a02f-43bc-9a77-592b5858df01
gauer@kovacek.biz,Rosa,Crespo,,student,6ce6da8b-47e2-41c2-ab74-3eda92844b73
hodkiewicz.petra@schoen.net,Mohamed,Arias,,student,0fba06c7-7ebf-4e01-9f4e-079735162582
fgoldner@hotmail.com,Miguel,Campos,,student,5582ba37-e8be-4292-8718-4a16228585de
kunze.karoline@aol.de,David,Wagner,,student,7c3cd927-863f-4863-bb59-e205b609a8a2
